3Com,https://en.wikipedia.org/wiki/3Com,https://upload.wikimedia.org/wikipedia/en/a/a1/3com_logo.svg
3M,https://en.wikipedia.org/wiki/3M,
3dfx Interactive,https://en.wikipedia.org/wiki/3dfx_Interactive,https://upload.wikimedia.org/wikipedia/en/f/ff/3dfx_logo.jpg
A4Tech,https://en.wikipedia.org/wiki/A4Tech,
ACCO Brands,https://en.wikipedia.org/wiki/ACCO_Brands,
ACube Systems Srl,https://en.wikipedia.org/wiki/ACube_Systems_Srl,
ADATA,https://en.wikipedia.org/wiki/ADATA,https://upload.wikimedia.org/wikipedia/commons/1/12/ADATA_Logo.jpg
AKG Acoustics,https://en.wikipedia.org/wiki/AKG_Acoustics,https://upload.wikimedia.org/wikipedia/en/1/1d/AKG_2016_Logo.png
AMAX Information Technologies,https://en.wikipedia.org/wiki/AMAX_Information_Technologies,https://upload.wikimedia.org/wikipedia/commons/9/9a/AMAX_Logo.jpg
AOC International,https://en.wikipedia.org/wiki/AOC_International,https://upload.wikimedia.org/wikipedia/en/d/d2/Aoc_international_logo.svg
AORUS,https://en.wikipedia.org/wiki/AORUS,https://upload.wikimedia.org/wikipedia/en/d/d4/Aoruslogo.png
AOpen,https://en.wikipedia.org/wiki/AOpen,https://upload.wikimedia.org/wikipedia/en/7/7e/Aopen_logo.png
ARM Holdings,https://en.wikipedia.org/wiki/ARM_Holdings,https://upload.wikimedia.org/wikipedia/commons/6/60/ARM_logo.svg
ASBIS,https://en.wikipedia.org/wiki/ASBIS,
ASIX,https://en.wikipedia.org/wiki/ASIX,
ASRock,https://en.wikipedia.org/wiki/ASRock,https://upload.wikimedia.org/wikipedia/commons/0/01/ASRock_Logo.svg
ATP Electronics,https://en.wikipedia.org/wiki/ATP_Electronics,https://upload.wikimedia.org/wikipedia/en/2/22/The_company_logo_of_ATP_Electronics.jpg
ATTO Technology,https://en.wikipedia.org/wiki/ATTO_Technology,https://upload.wikimedia.org/wikipedia/en/1/19/ATTO_Technology_Logo.png
AU Optronics,https://en.wikipedia.org/wiki/AU_Optronics,https://upload.wikimedia.org/wikipedia/en/9/97/AU_Optronics_Logo.svg
AVADirect,https://en.wikipedia.org/wiki/AVADirect,https://upload.wikimedia.org/wikipedia/commons/5/55/AVADirect_Custom_Computers_Logo.png
AVM GmbH,https://en.wikipedia.org/wiki/AVM_GmbH,
AXIOO International,https://en.wikipedia.org/wiki/AXIOO_International,
Acer Inc.,https://en.wikipedia.org/wiki/Acer_Inc.,https://upload.wikimedia.org/wikipedia/commons/a/a1/Acer_Logo.svg
"Ad Lib, Inc.","https://en.wikipedia.org/wiki/Ad_Lib,_Inc.",https://upload.wikimedia.org/wikipedia/commons/1/1d/AdLib_Logo.jpg
Adaptec,https://en.wikipedia.org/wiki/Adaptec,https://upload.wikimedia.org/wikipedia/en/8/8b/Microsemi-logo.png
Advance Telecom,https://en.wikipedia.org/wiki/Advance_Telecom,https://upload.wikimedia.org/wikipedia/en/6/61/Advance_Telecom_Logo.jpg
Advanced Gravis Computer Technology,https://en.wikipedia.org/wiki/Advanced_Gravis_Computer_Technology,
Advanced Micro Devices,https://en.wikipedia.org/wiki/Advanced_Micro_Devices,https://upload.wikimedia.org/wikipedia/commons/7/7c/AMD_Logo.svg
Agere Systems,https://en.wikipedia.org/wiki/Agere_Systems,https://upload.wikimedia.org/wikipedia/en/4/4c/Agere_Systems_logo.png
Agilent Technologies,https://en.wikipedia.org/wiki/Agilent_Technologies,https://upload.wikimedia.org/wikipedia/commons/7/77/Open_Access_logo_PLoS_transparent.svg
Akai,https://en.wikipedia.org/wiki/Akai,https://upload.wikimedia.org/wikipedia/commons/6/69/Logo_akai.png
Akasha,https://en.wikipedia.org/wiki/Akasha,
Alcatel (mobile device brand),https://en.wikipedia.org/wiki/Alcatel_(mobile_device_brand),https://upload.wikimedia.org/wikipedia/commons/e/e9/Alcatel_logo_2016.svg
Alcatel-Lucent,https://en.wikipedia.org/wiki/Alcatel-Lucent,https://upload.wikimedia.org/wikipedia/commons/a/a9/Alcatel_Lucent_Logo.svg
Aleutia,https://en.wikipedia.org/wiki/Aleutia,https://upload.wikimedia.org/wikipedia/en/1/12/Aleutia_logo.jpg
Alienware,https://en.wikipedia.org/wiki/Alienware,https://upload.wikimedia.org/wikipedia/commons/1/18/Dell_logo_2016.svg
Alps Electric,https://en.wikipedia.org/wiki/Alps_Electric,https://upload.wikimedia.org/wikipedia/en/6/64/Alps_Electric_logo.svg
Altec Lansing,https://en.wikipedia.org/wiki/Altec_Lansing,https://upload.wikimedia.org/wikipedia/en/f/ff/Altec_Lansing_Logo_2015.png
Amazon.com,https://en.wikipedia.org/wiki/Amazon.com,https://upload.wikimedia.org/wikipedia/commons/7/70/Amazon_logo_plain.svg
"Amiga, Inc.","https://en.wikipedia.org/wiki/Amiga,_Inc.",
Amkette,https://en.wikipedia.org/wiki/Amkette,https://upload.wikimedia.org/wikipedia/en/4/4d/Amkette_Logo.png
Amoi,https://en.wikipedia.org/wiki/Amoi,
Analog Devices,https://en.wikipedia.org/wiki/Analog_Devices,https://upload.wikimedia.org/wikipedia/commons/8/86/Analog_Devices_Logo.svg
Andrea Electronics,https://en.wikipedia.org/wiki/Andrea_Electronics,
Angelbird,https://en.wikipedia.org/wiki/Angelbird,https://upload.wikimedia.org/wikipedia/en/e/e7/Angelbird_company_logo.jpg
Antec,https://en.wikipedia.org/wiki/Antec,https://upload.wikimedia.org/wikipedia/commons/8/86/Antec_Logo_2012.png
Apacer,https://en.wikipedia.org/wiki/Apacer,
Apevia,https://en.wikipedia.org/wiki/Apevia,
Apple Inc.,https://en.wikipedia.org/wiki/Apple_Inc.,https://upload.wikimedia.org/wikipedia/commons/b/b0/Openstreetmap_logo.svg
Applied Micro Circuits Corporation,https://en.wikipedia.org/wiki/Applied_Micro_Circuits_Corporation,
Archos,https://en.wikipedia.org/wiki/Archos,https://upload.wikimedia.org/wikipedia/commons/a/ac/Archos-Logo.svg
Arctic (company),https://en.wikipedia.org/wiki/Arctic_(company),https://upload.wikimedia.org/wikipedia/commons/8/80/Arctic_Cooling_%28logo%29.jpg
Arise India,https://en.wikipedia.org/wiki/Arise_India,https://upload.wikimedia.org/wikipedia/en/7/78/Arise_India_Ltd_-_Company_Logo.jpg
Arris Group,https://en.wikipedia.org/wiki/Arris_Group,https://upload.wikimedia.org/wikipedia/en/f/fc/Arris_logo.png
Artec,https://en.wikipedia.org/wiki/Artec,
Asus,https://en.wikipedia.org/wiki/Asus,
"Aten Technology, Inc.","https://en.wikipedia.org/wiki/Aten_Technology,_Inc.",
Audio-Technica,https://en.wikipedia.org/wiki/Audio-Technica,https://upload.wikimedia.org/wikipedia/en/3/3f/Audio-Technica_logo.svg
Aureal Semiconductor,https://en.wikipedia.org/wiki/Aureal_Semiconductor,https://upload.wikimedia.org/wikipedia/en/3/3d/Aureallogo.png
Auzentech,https://en.wikipedia.org/wiki/Auzentech,
Avid Audio,https://en.wikipedia.org/wiki/Avid_Audio,https://upload.wikimedia.org/wikipedia/en/1/19/Digidesign-logo.png
Axiom,https://en.wikipedia.org/wiki/Axiom,https://upload.wikimedia.org/wikipedia/commons/4/4c/Wikisource-logo.svg
BBK Electronics,https://en.wikipedia.org/wiki/BBK_Electronics,
BFG Technologies,https://en.wikipedia.org/wiki/BFG_Technologies,
BLU Products,https://en.wikipedia.org/wiki/BLU_Products,https://upload.wikimedia.org/wikipedia/commons/3/39/BLU_Products_Logo.jpg
BYD Electronic,https://en.wikipedia.org/wiki/BYD_Electronic,
Be quiet!,https://en.wikipedia.org/wiki/Be_quiet!,https://upload.wikimedia.org/wikipedia/commons/f/f7/Be-quiet_Logo_pos_RGB_wiki.jpg
Beats Electronics,https://en.wikipedia.org/wiki/Beats_Electronics,https://upload.wikimedia.org/wikipedia/commons/1/17/Beats_Electronics_logo.svg
Behavior Tech Computer,https://en.wikipedia.org/wiki/Behavior_Tech_Computer,https://upload.wikimedia.org/wikipedia/commons/6/68/Behavior_Tech_Computer_Logo.png
Behringer,https://en.wikipedia.org/wiki/Behringer,https://upload.wikimedia.org/wikipedia/en/d/d8/Behringer_logo_2010.png
Belkin,https://en.wikipedia.org/wiki/Belkin,
BenQ,https://en.wikipedia.org/wiki/BenQ,
Best Buy,https://en.wikipedia.org/wiki/Best_Buy,https://upload.wikimedia.org/wikipedia/commons/f/f5/Best_Buy_Logo.svg
Beyerdynamic,https://en.wikipedia.org/wiki/Beyerdynamic,https://upload.wikimedia.org/wikipedia/en/4/42/Beyerdynamic_logo.gif
Binatone,https://en.wikipedia.org/wiki/Binatone,https://upload.wikimedia.org/wikipedia/commons/8/82/Binatone_Logo_Small.jpg
Biostar,https://en.wikipedia.org/wiki/Biostar,
BlackBerry Limited,https://en.wikipedia.org/wiki/BlackBerry_Limited,https://upload.wikimedia.org/wikipedia/commons/2/22/Blackberry_Logo.svg
Bose Corporation,https://en.wikipedia.org/wiki/Bose_Corporation,https://upload.wikimedia.org/wikipedia/commons/0/0c/Bose_logo.svg
Broadcom,https://en.wikipedia.org/wiki/Broadcom,
Broadcom Limited,https://en.wikipedia.org/wiki/Broadcom_Limited,
Brondi,https://en.wikipedia.org/wiki/Brondi,
Brother Industries,https://en.wikipedia.org/wiki/Brother_Industries,https://upload.wikimedia.org/wikipedia/commons/8/87/Brother_logo.svg
Bullitt Group,https://en.wikipedia.org/wiki/Bullitt_Group,
Bush (brand),https://en.wikipedia.org/wiki/Bush_(brand),https://upload.wikimedia.org/wikipedia/en/5/5a/Bush_ID_Logo.jpg
C-Media,https://en.wikipedia.org/wiki/C-Media,https://upload.wikimedia.org/wikipedia/en/f/fa/C-Media_Logo.png
CMS Computers,https://en.wikipedia.org/wiki/CMS_Computers,https://upload.wikimedia.org/wikipedia/en/5/5d/CMS_Computers_logo.png
CNet Technology,https://en.wikipedia.org/wiki/CNet_Technology,
CTI Electronics Corporation,https://en.wikipedia.org/wiki/CTI_Electronics_Corporation,
Canon Inc.,https://en.wikipedia.org/wiki/Canon_Inc.,
Canyon,https://en.wikipedia.org/wiki/Canyon,https://upload.wikimedia.org/wikipedia/commons/0/06/Wiktionary-logo-v2.svg
Casio,https://en.wikipedia.org/wiki/Casio,https://upload.wikimedia.org/wikipedia/commons/4/4d/Casio_logo.svg
Celkon,https://en.wikipedia.org/wiki/Celkon,https://upload.wikimedia.org/wikipedia/commons/8/82/Celkon_Logo.png
Cerwin-Vega,https://en.wikipedia.org/wiki/Cerwin-Vega,https://upload.wikimedia.org/wikipedia/commons/3/36/Cerwinvega_logo.png
Chaintech,https://en.wikipedia.org/wiki/Chaintech,
Chassis Plans,https://en.wikipedia.org/wiki/Chassis_Plans,https://upload.wikimedia.org/wikipedia/en/7/72/Chassis-plans-logo.jpg
Chelsio Communications,https://en.wikipedia.org/wiki/Chelsio_Communications,https://upload.wikimedia.org/wikipedia/commons/6/6b/Chelsio_Communications_Logo.jpg
Cherry (keyboards),https://en.wikipedia.org/wiki/Cherry_(keyboards),https://upload.wikimedia.org/wikipedia/en/a/a8/Cherry_logo.svg
Cherry Mobile,https://en.wikipedia.org/wiki/Cherry_Mobile,https://upload.wikimedia.org/wikipedia/en/4/46/Cherry_Mobile_Logo.png
Chicony Electronics,https://en.wikipedia.org/wiki/Chicony_Electronics,https://upload.wikimedia.org/wikipedia/en/0/0f/Chicony-logo.png
China Electronics Corporation,https://en.wikipedia.org/wiki/China_Electronics_Corporation,
Chip PC,https://en.wikipedia.org/wiki/Chip_PC,
Circular Devices,https://en.wikipedia.org/wiki/Circular_Devices,
Cisco Systems,https://en.wikipedia.org/wiki/Cisco_Systems,https://upload.wikimedia.org/wikipedia/en/3/3a/Meraki_Logo_2016.svg
Clevo,https://en.wikipedia.org/wiki/Clevo,https://upload.wikimedia.org/wikipedia/commons/0/03/Clevologo.png
Club 3D,https://en.wikipedia.org/wiki/Club_3D,
Compal Electronics,https://en.wikipedia.org/wiki/Compal_Electronics,
Compaq,https://en.wikipedia.org/wiki/Compaq,https://upload.wikimedia.org/wikipedia/commons/c/ce/Compaq_logo_until_2008_with_protection_zone.svg
Computer keyboard,https://en.wikipedia.org/wiki/Computer_keyboard,
Conrad Electronic,https://en.wikipedia.org/wiki/Conrad_Electronic,https://upload.wikimedia.org/wikipedia/commons/8/83/Conrad-Electronic-Logo.svg
Cooler Master,https://en.wikipedia.org/wiki/Cooler_Master,https://upload.wikimedia.org/wikipedia/commons/0/03/Cm-logo-200x200.jpg
Coolpad Group,https://en.wikipedia.org/wiki/Coolpad_Group,https://upload.wikimedia.org/wikipedia/commons/7/77/Coolpad_logo.png
Corsair Components,https://en.wikipedia.org/wiki/Corsair_Components,https://upload.wikimedia.org/wikipedia/en/b/b6/Corsair_logo_horizontal.png
Cray,https://en.wikipedia.org/wiki/Cray,https://upload.wikimedia.org/wikipedia/commons/3/3e/Cray_Inc._logo.svg
Creative Technology Limited,https://en.wikipedia.org/wiki/Creative_Technology_Limited,https://upload.wikimedia.org/wikipedia/commons/8/8d/Creative_Technology_logo.svg
Crystal Group,https://en.wikipedia.org/wiki/Crystal_Group,
Cubot,https://en.wikipedia.org/wiki/Cubot,
Curtiss-Wright,https://en.wikipedia.org/wiki/Curtiss-Wright,https://upload.wikimedia.org/wikipedia/commons/4/4d/CurtissWrightLogo.png
CyberPowerPC,https://en.wikipedia.org/wiki/CyberPowerPC,https://upload.wikimedia.org/wikipedia/en/5/5a/CyberPowerPC_Logo.jpg
Cypress Semiconductor,https://en.wikipedia.org/wiki/Cypress_Semiconductor,https://upload.wikimedia.org/wikipedia/en/f/fb/Cypress_Semiconductor_logo.svg
Cyrix,https://en.wikipedia.org/wiki/Cyrix,https://upload.wikimedia.org/wikipedia/en/b/b6/Cyrix_logo.svg
D-Link,https://en.wikipedia.org/wiki/D-Link,
DBTel,https://en.wikipedia.org/wiki/DBTel,
DFI,https://en.wikipedia.org/wiki/DFI,https://upload.wikimedia.org/wikipedia/commons/0/0c/DFI_logo.png
Danger Inc.,https://en.wikipedia.org/wiki/Danger_Inc.,https://upload.wikimedia.org/wikipedia/en/1/14/Danger_logo.svg
Darius Allen,https://en.wikipedia.org/wiki/Darius_Allen,
Das Keyboard,https://en.wikipedia.org/wiki/Das_Keyboard,
DataWind,https://en.wikipedia.org/wiki/DataWind,https://upload.wikimedia.org/wikipedia/commons/2/25/Datawind-Logo-for-web-b2.jpg
Dataram,https://en.wikipedia.org/wiki/Dataram,https://upload.wikimedia.org/wikipedia/commons/9/91/Dataram-logo2.png
Deepcool,https://en.wikipedia.org/wiki/Deepcool,https://upload.wikimedia.org/wikipedia/en/b/b5/DeepCool_Logo.jpg
Dell,https://en.wikipedia.org/wiki/Dell,https://upload.wikimedia.org/wikipedia/commons/0/06/Wiktionary-logo-v2.svg
Dell (subsidiary),https://en.wikipedia.org/wiki/Dell_(subsidiary),https://upload.wikimedia.org/wikipedia/commons/1/18/Dell_logo_2016.svg
Dell Technologies,https://en.wikipedia.org/wiki/Dell_Technologies,https://upload.wikimedia.org/wikipedia/commons/7/7a/Dell_EMC_logo.svg
Dell Wyse,https://en.wikipedia.org/wiki/Dell_Wyse,https://upload.wikimedia.org/wikipedia/en/7/7d/Pocketcloudlogo.png
Diamond Multimedia,https://en.wikipedia.org/wiki/Diamond_Multimedia,https://upload.wikimedia.org/wikipedia/commons/6/68/Diamond_Multimedia_logo.svg
Digital Storm,https://en.wikipedia.org/wiki/Digital_Storm,
Doro (telecoms),https://en.wikipedia.org/wiki/Doro_(telecoms),
E-mu Systems,https://en.wikipedia.org/wiki/E-mu_Systems,
ELSA Technology,https://en.wikipedia.org/wiki/ELSA_Technology,
EPoX,https://en.wikipedia.org/wiki/EPoX,
EVGA Corporation,https://en.wikipedia.org/wiki/EVGA_Corporation,https://upload.wikimedia.org/wikipedia/en/8/86/EVGA_Corporation_logo.png
Edifier,https://en.wikipedia.org/wiki/Edifier,https://upload.wikimedia.org/wikipedia/commons/5/56/Edifier_logo_2.gif
Eizo,https://en.wikipedia.org/wiki/Eizo,https://upload.wikimedia.org/wikipedia/en/9/9b/EIZO_company_logo.png
Elgato,https://en.wikipedia.org/wiki/Elgato,https://upload.wikimedia.org/wikipedia/commons/4/45/Logo_Elgato_Systems.png
Elitegroup Computer Systems,https://en.wikipedia.org/wiki/Elitegroup_Computer_Systems,https://upload.wikimedia.org/wikipedia/en/0/00/Elitegroup_Computer_Systems_Logo.svg
Ensoniq,https://en.wikipedia.org/wiki/Ensoniq,https://upload.wikimedia.org/wikipedia/en/f/f2/EnsoniqLogo.png
Ericsson,https://en.wikipedia.org/wiki/Ericsson,https://upload.wikimedia.org/wikipedia/commons/e/e9/Ericsson_logo.svg
Evans & Sutherland,https://en.wikipedia.org/wiki/Evans_%26_Sutherland,
Everex,https://en.wikipedia.org/wiki/Everex,https://upload.wikimedia.org/wikipedia/en/3/32/Everex_logo.svg
EvertekTunisie,https://en.wikipedia.org/wiki/EvertekTunisie,https://upload.wikimedia.org/wikipedia/commons/d/da/Logo-EVERTEK.png
FSP Group,https://en.wikipedia.org/wiki/FSP_Group,
FaceVsion,https://en.wikipedia.org/wiki/FaceVsion,
Fairphone,https://en.wikipedia.org/wiki/Fairphone,
Falcon Northwest,https://en.wikipedia.org/wiki/Falcon_Northwest,
Fellowes Brands,https://en.wikipedia.org/wiki/Fellowes_Brands,
Firefly (mobile phone),https://en.wikipedia.org/wiki/Firefly_(mobile_phone),https://upload.wikimedia.org/wikipedia/en/d/df/Firefly_%28mobile_phone%29_%28logo%29.png
First International Computer,https://en.wikipedia.org/wiki/First_International_Computer,https://upload.wikimedia.org/wikipedia/commons/2/25/First_International_Computer_logo_20160317.svg
Flextronics,https://en.wikipedia.org/wiki/Flextronics,https://upload.wikimedia.org/wikipedia/commons/6/6d/Flextronics_logo.svg
Focusrite,https://en.wikipedia.org/wiki/Focusrite,https://upload.wikimedia.org/wikipedia/commons/0/0f/Focusrite_logo.jpg
Fortify Software,https://en.wikipedia.org/wiki/Fortify_Software,https://upload.wikimedia.org/wikipedia/en/9/91/Fortify_logo.jpg
Fostex,https://en.wikipedia.org/wiki/Fostex,https://upload.wikimedia.org/wikipedia/en/4/46/Fostex_logo.svg
Founder Technology,https://en.wikipedia.org/wiki/Founder_Technology,
Foxconn,https://en.wikipedia.org/wiki/Foxconn,https://upload.wikimedia.org/wikipedia/commons/f/f4/Foxconn_logo.svg
Fractal Design,https://en.wikipedia.org/wiki/Fractal_Design,
Freecom,https://en.wikipedia.org/wiki/Freecom,
Freescale Semiconductor,https://en.wikipedia.org/wiki/Freescale_Semiconductor,https://upload.wikimedia.org/wikipedia/en/2/22/Freescale_Semiconductor_logo.svg
Fujitsu,https://en.wikipedia.org/wiki/Fujitsu,https://upload.wikimedia.org/wikipedia/commons/5/53/Fujitsu-Logo.svg
Fujitsu Siemens Computers,https://en.wikipedia.org/wiki/Fujitsu_Siemens_Computers,https://upload.wikimedia.org/wikipedia/en/b/b4/FujitsuSiemens_logo.svg
Fujitsu Technology Solutions,https://en.wikipedia.org/wiki/Fujitsu_Technology_Solutions,https://upload.wikimedia.org/wikipedia/commons/5/53/Fujitsu-Logo.svg
Fusion-io,https://en.wikipedia.org/wiki/Fusion-io,https://upload.wikimedia.org/wikipedia/en/9/96/Fusion-io_logo.png
G'Five,https://en.wikipedia.org/wiki/G%27Five,https://upload.wikimedia.org/wikipedia/en/2/20/G%27Five_logo.png
G-Technology,https://en.wikipedia.org/wiki/G-Technology,
G.Skill,https://en.wikipedia.org/wiki/G.Skill,
GELID Solutions,https://en.wikipedia.org/wiki/GELID_Solutions,
Gainward,https://en.wikipedia.org/wiki/Gainward,https://upload.wikimedia.org/wikipedia/commons/0/00/Gainwardlogo.jpg
"Gateway, Inc.","https://en.wikipedia.org/wiki/Gateway,_Inc.",https://upload.wikimedia.org/wikipedia/en/f/f9/Gateway_logo_2004.jpg
GeIL,https://en.wikipedia.org/wiki/GeIL,
GeeksPhone,https://en.wikipedia.org/wiki/GeeksPhone,https://upload.wikimedia.org/wikipedia/en/b/b4/GeeksPhone_logo.png
General Electric,https://en.wikipedia.org/wiki/General_Electric,https://upload.wikimedia.org/wikipedia/commons/f/ff/General_Electric_logo.svg
Genius,https://en.wikipedia.org/wiki/Genius,https://upload.wikimedia.org/wikipedia/commons/4/4c/Wikisource-logo.svg
Getac,https://en.wikipedia.org/wiki/Getac,https://upload.wikimedia.org/wikipedia/en/b/bd/Getac_Logo_Orange.png
Gigabyte Technology,https://en.wikipedia.org/wiki/Gigabyte_Technology,https://upload.wikimedia.org/wikipedia/commons/c/c4/Gigabyte_logo.svg
Gigaset Communications,https://en.wikipedia.org/wiki/Gigaset_Communications,
Gionee,https://en.wikipedia.org/wiki/Gionee,https://upload.wikimedia.org/wikipedia/commons/8/87/Gionee-new-logo.png
Glassbridge Enterprises,https://en.wikipedia.org/wiki/Glassbridge_Enterprises,
Goldvish,https://en.wikipedia.org/wiki/Goldvish,
Google,https://en.wikipedia.org/wiki/Google,https://upload.wikimedia.org/wikipedia/commons/1/1b/Wikiversity-logo-en.svg
Grado Labs,https://en.wikipedia.org/wiki/Grado_Labs,https://upload.wikimedia.org/wikipedia/en/0/0f/Grado_labs_logo.png
Greenliant Systems,https://en.wikipedia.org/wiki/Greenliant_Systems,https://upload.wikimedia.org/wikipedia/en/8/84/Greenliant_logo.jpg
Gresso (company),https://en.wikipedia.org/wiki/Gresso_(company),
Groupe Bull,https://en.wikipedia.org/wiki/Groupe_Bull,https://upload.wikimedia.org/wikipedia/en/3/36/Group_Bull_logo.png
Grundig,https://en.wikipedia.org/wiki/Grundig,https://upload.wikimedia.org/wikipedia/commons/0/0f/GRUNDIG_2015_logo_pos_EN_4c.svg
Grundig mobile,https://en.wikipedia.org/wiki/Grundig_mobile,
Gumstix,https://en.wikipedia.org/wiki/Gumstix,https://upload.wikimedia.org/wikipedia/en/b/b3/Gumstix%2C_Inc._logo.png
HGST,https://en.wikipedia.org/wiki/HGST,https://upload.wikimedia.org/wikipedia/commons/5/5d/Hitachi_inspire_the_next-Logo.svg
HMD Global,https://en.wikipedia.org/wiki/HMD_Global,https://upload.wikimedia.org/wikipedia/commons/8/82/HMD_Global_Colored_Logo.svg
HP Autonomy,https://en.wikipedia.org/wiki/HP_Autonomy,https://upload.wikimedia.org/wikipedia/commons/e/e3/HP_Autonomy_logo%2C_blue.png
HP Inc.,https://en.wikipedia.org/wiki/HP_Inc.,https://upload.wikimedia.org/wikipedia/commons/a/ad/HP_logo_2012.svg
HT Omega,https://en.wikipedia.org/wiki/HT_Omega,
HTC,https://en.wikipedia.org/wiki/HTC,
Haier,https://en.wikipedia.org/wiki/Haier,https://upload.wikimedia.org/wikipedia/commons/6/64/Haier_logo.svg
Hama Photo,https://en.wikipedia.org/wiki/Hama_Photo,https://upload.wikimedia.org/wikipedia/commons/a/a0/Hama-Logo.svg
Handheld Group,https://en.wikipedia.org/wiki/Handheld_Group,
HannStar Display Corporation,https://en.wikipedia.org/wiki/HannStar_Display_Corporation,https://upload.wikimedia.org/wikipedia/en/d/d3/Hannstar_Logo.png
Harman International Industries,https://en.wikipedia.org/wiki/Harman_International_Industries,
Hasee,https://en.wikipedia.org/wiki/Hasee,https://upload.wikimedia.org/wikipedia/commons/e/e1/Hasee_logo.svg
Hauppauge Computer Works,https://en.wikipedia.org/wiki/Hauppauge_Computer_Works,https://upload.wikimedia.org/wikipedia/en/a/ac/Hauppauge_Logo.png
Hercules Computer Technology,https://en.wikipedia.org/wiki/Hercules_Computer_Technology,
HiSilicon,https://en.wikipedia.org/wiki/HiSilicon,
Hightech Information System,https://en.wikipedia.org/wiki/Hightech_Information_System,https://upload.wikimedia.org/wikipedia/commons/5/5b/HIS_Logo.jpg
Hisense,https://en.wikipedia.org/wiki/Hisense,https://upload.wikimedia.org/wikipedia/en/9/93/Hisense_logo_2.svg
Hitachi,https://en.wikipedia.org/wiki/Hitachi,https://upload.wikimedia.org/wikipedia/commons/5/5d/Hitachi_inspire_the_next-Logo.svg
Huawei,https://en.wikipedia.org/wiki/Huawei,
Hyperion Entertainment,https://en.wikipedia.org/wiki/Hyperion_Entertainment,https://upload.wikimedia.org/wikipedia/en/8/81/Hyperionlogo.jpg
Hyundai,https://en.wikipedia.org/wiki/Hyundai,https://upload.wikimedia.org/wikipedia/commons/b/b2/Hyundai_logo_%28english%29.svg
IBM,https://en.wikipedia.org/wiki/IBM,https://upload.wikimedia.org/wikipedia/commons/f/fa/Wikibooks-logo.svg
IGB Eletrônica,https://en.wikipedia.org/wiki/IGB_Eletr%C3%B4nica,https://upload.wikimedia.org/wikipedia/commons/c/cf/Logo_Gradiente.svg
IGEL Technology,https://en.wikipedia.org/wiki/IGEL_Technology,
INOI,https://en.wikipedia.org/wiki/INOI,
IPv6 address,https://en.wikipedia.org/wiki/IPv6_address,
Imagination Technologies,https://en.wikipedia.org/wiki/Imagination_Technologies,https://upload.wikimedia.org/wikipedia/en/0/02/Imagination_Technologies_Logo.png
In Win Development,https://en.wikipedia.org/wiki/In_Win_Development,https://upload.wikimedia.org/wikipedia/commons/4/4e/IN-WIN_LOGO.jpg
Indilinx,https://en.wikipedia.org/wiki/Indilinx,https://upload.wikimedia.org/wikipedia/en/6/66/Indilinx-logo.jpg
Infineon Technologies,https://en.wikipedia.org/wiki/Infineon_Technologies,
Infinix Mobile,https://en.wikipedia.org/wiki/Infinix_Mobile,
InfoSonics Corporation,https://en.wikipedia.org/wiki/InfoSonics_Corporation,https://upload.wikimedia.org/wikipedia/en/5/5a/InfoSonics_Logo.png
Intel,https://en.wikipedia.org/wiki/Intel,https://upload.wikimedia.org/wikipedia/commons/4/44/Intel_Inside_Logo.svg
Intex Technologies,https://en.wikipedia.org/wiki/Intex_Technologies,https://upload.wikimedia.org/wikipedia/commons/1/1a/Intex_logo.png
Inventec,https://en.wikipedia.org/wiki/Inventec,https://upload.wikimedia.org/wikipedia/en/7/73/Inventec_logo.png
IoSafe,https://en.wikipedia.org/wiki/IoSafe,
IronKey,https://en.wikipedia.org/wiki/IronKey,
Itautec,https://en.wikipedia.org/wiki/Itautec,
JBL,https://en.wikipedia.org/wiki/JBL,https://upload.wikimedia.org/wikipedia/commons/0/02/Logo_of_JBL.svg
JCB (company),https://en.wikipedia.org/wiki/JCB_(company),https://upload.wikimedia.org/wikipedia/en/0/01/Jcb_logo.png
JLab Audio,https://en.wikipedia.org/wiki/JLab_Audio,https://upload.wikimedia.org/wikipedia/commons/8/86/JLAB_logo_plain.jpg
JVC,https://en.wikipedia.org/wiki/JVC,https://upload.wikimedia.org/wikipedia/commons/0/06/JVC_Logo.svg
Jablotron,https://en.wikipedia.org/wiki/Jablotron,
Japan Coast Guard,https://en.wikipedia.org/wiki/Japan_Coast_Guard,https://upload.wikimedia.org/wikipedia/commons/b/bf/Prefectura_Arg_logo.svg
Jetta (company),https://en.wikipedia.org/wiki/Jetta_(company),https://upload.wikimedia.org/wikipedia/en/9/94/Jetta-logo.png
John's Phone,https://en.wikipedia.org/wiki/John%27s_Phone,
Jolla,https://en.wikipedia.org/wiki/Jolla,https://upload.wikimedia.org/wikipedia/commons/d/d2/Jolla_logo2.svg
Just5,https://en.wikipedia.org/wiki/Just5,
KT Tech,https://en.wikipedia.org/wiki/KT_Tech,https://upload.wikimedia.org/wikipedia/commons/b/b4/KoreaTelecom_logo.png
KWorld,https://en.wikipedia.org/wiki/KWorld,https://upload.wikimedia.org/wikipedia/en/9/9d/KWorld_Logo_2008.jpg
KYE Systems Corp.,https://en.wikipedia.org/wiki/KYE_Systems_Corp.,https://upload.wikimedia.org/wikipedia/commons/5/5d/Genius%2C_KYE_Systems_Corp_logo.PNG
Karbonn Mobiles,https://en.wikipedia.org/wiki/Karbonn_Mobiles,https://upload.wikimedia.org/wikipedia/commons/6/6a/Karbonn-Logo.jpg
Kazam,https://en.wikipedia.org/wiki/Kazam,https://upload.wikimedia.org/wikipedia/en/8/88/KAZAM_Logo.svg
Kejian Group,https://en.wikipedia.org/wiki/Kejian_Group,
Key Tronic,https://en.wikipedia.org/wiki/Key_Tronic,
Kingston Technology,https://en.wikipedia.org/wiki/Kingston_Technology,https://upload.wikimedia.org/wikipedia/en/7/74/Kingston_Technology_logo.svg
Klipsch Audio Technologies,https://en.wikipedia.org/wiki/Klipsch_Audio_Technologies,https://upload.wikimedia.org/wikipedia/commons/3/33/Klipsch_logo.png
Kodak,https://en.wikipedia.org/wiki/Kodak,https://upload.wikimedia.org/wikipedia/commons/7/7a/Logo_of_the_Eastman_Kodak_Company_%282006-2016%29.svg
Kohjinsha,https://en.wikipedia.org/wiki/Kohjinsha,
Konami,https://en.wikipedia.org/wiki/Konami,https://upload.wikimedia.org/wikipedia/commons/2/23/Konami_4th_logo_2.svg
Konka Group,https://en.wikipedia.org/wiki/Konka_Group,https://upload.wikimedia.org/wikipedia/en/9/91/Konka_logo.svg
Kontron,https://en.wikipedia.org/wiki/Kontron,
Korg,https://en.wikipedia.org/wiki/Korg,https://upload.wikimedia.org/wikipedia/commons/e/e3/Logo_korg.png
Koss Corporation,https://en.wikipedia.org/wiki/Koss_Corporation,
Kyocera,https://en.wikipedia.org/wiki/Kyocera,https://upload.wikimedia.org/wikipedia/commons/d/d4/Kyocera_logo.svg
Kyocera Communications,https://en.wikipedia.org/wiki/Kyocera_Communications,https://upload.wikimedia.org/wikipedia/commons/d/d4/Kyocera_logo.svg
Kyoto Electronics,https://en.wikipedia.org/wiki/Kyoto_Electronics,https://upload.wikimedia.org/wikipedia/commons/5/51/Kyoto_Logo.png
LG Corporation,https://en.wikipedia.org/wiki/LG_Corporation,https://upload.wikimedia.org/wikipedia/commons/3/32/Android_logo_%282014%29.svg
LG Cyon,https://en.wikipedia.org/wiki/LG_Cyon,https://upload.wikimedia.org/wikipedia/commons/e/e3/CYON_logo.jpg
LG Electronics,https://en.wikipedia.org/wiki/LG_Electronics,https://upload.wikimedia.org/wikipedia/commons/e/ed/LG_Electronics_logo_2015_%28english%29.svg
LSI Corporation,https://en.wikipedia.org/wiki/LSI_Corporation,https://upload.wikimedia.org/wikipedia/en/2/2f/LSI_logo_RGB_125x42.jpg
LYF,https://en.wikipedia.org/wiki/LYF,https://upload.wikimedia.org/wikipedia/en/c/c0/LYF_Smartphone%2B_logo.png
LaCie,https://en.wikipedia.org/wiki/LaCie,https://upload.wikimedia.org/wikipedia/commons/2/28/LaCie_Logo.svg
Labtec,https://en.wikipedia.org/wiki/Labtec,https://upload.wikimedia.org/wikipedia/en/d/da/LabtecLogo.png
LanSlide Gaming PCs,https://en.wikipedia.org/wiki/LanSlide_Gaming_PCs,
Lanix,https://en.wikipedia.org/wiki/Lanix,https://upload.wikimedia.org/wikipedia/en/2/2c/Lanix_logo.png
Lanner Inc.,https://en.wikipedia.org/wiki/Lanner_Inc.,https://upload.wikimedia.org/wikipedia/commons/1/1a/Lanner_logo.svg
LeEco,https://en.wikipedia.org/wiki/LeEco,
Leadtek,https://en.wikipedia.org/wiki/Leadtek,https://upload.wikimedia.org/wikipedia/en/a/ae/Leadtek_logo.png
Lenovo,https://en.wikipedia.org/wiki/Lenovo,https://upload.wikimedia.org/wikipedia/commons/d/d3/ThinkPad_Logo_on_W520.JPG
LenovoEMC,https://en.wikipedia.org/wiki/LenovoEMC,
Lexar,https://en.wikipedia.org/wiki/Lexar,https://upload.wikimedia.org/wikipedia/en/f/f5/Lexar_logo.png
Lexicon,https://en.wikipedia.org/wiki/Lexicon,https://upload.wikimedia.org/wikipedia/commons/0/06/Wiktionary-logo-v2.svg
Lexmark,https://en.wikipedia.org/wiki/Lexmark,https://upload.wikimedia.org/wikipedia/en/c/cc/Lexmark-primary-logo.svg
Lian Li,https://en.wikipedia.org/wiki/Lian_Li,https://upload.wikimedia.org/wikipedia/en/6/64/Lian-li_logo.png
Linksys,https://en.wikipedia.org/wiki/Linksys,https://upload.wikimedia.org/wikipedia/commons/9/9c/Linksys_Logo_2016.svg
List of best-selling mobile phones,https://en.wikipedia.org/wiki/List_of_best-selling_mobile_phones,
Lite-On,https://en.wikipedia.org/wiki/Lite-On,https://upload.wikimedia.org/wikipedia/en/1/17/LiteOnLogo.jpg
Logic,https://en.wikipedia.org/wiki/Logic,https://upload.wikimedia.org/wikipedia/commons/1/1b/Wikiversity-logo-en.svg
Logitech,https://en.wikipedia.org/wiki/Logitech,https://upload.wikimedia.org/wikipedia/commons/d/d7/Logitech_Logo_2013.svg
M-Audio,https://en.wikipedia.org/wiki/M-Audio,https://upload.wikimedia.org/wikipedia/commons/5/53/M-Audio_%28logo%29.jpg
M.Mobile,https://en.wikipedia.org/wiki/M.Mobile,
MAG Innovision,https://en.wikipedia.org/wiki/MAG_Innovision,
Magic-Pro,https://en.wikipedia.org/wiki/Magic-Pro,
Maingear,https://en.wikipedia.org/wiki/Maingear,
Maplin Electronics,https://en.wikipedia.org/wiki/Maplin_Electronics,https://upload.wikimedia.org/wikipedia/commons/e/e4/Maplin_Electronics_logo.svg
Mark of the Unicorn,https://en.wikipedia.org/wiki/Mark_of_the_Unicorn,
Marshall Amplification,https://en.wikipedia.org/wiki/Marshall_Amplification,https://upload.wikimedia.org/wikipedia/commons/6/69/Marshall_logo.svg
MartinLogan,https://en.wikipedia.org/wiki/MartinLogan,https://upload.wikimedia.org/wikipedia/commons/1/1d/MartinLogan-Logo.tif
Marvell Technology Group,https://en.wikipedia.org/wiki/Marvell_Technology_Group,https://upload.wikimedia.org/wikipedia/commons/8/83/Marvell_Logo.svg
Matrox,https://en.wikipedia.org/wiki/Matrox,https://upload.wikimedia.org/wikipedia/commons/a/a9/Matrox_Logo.svg
MediaTek,https://en.wikipedia.org/wiki/MediaTek,https://upload.wikimedia.org/wikipedia/en/2/2d/MediaTek_logo_as_shown_on_company_website.svg
Medion,https://en.wikipedia.org/wiki/Medion,https://upload.wikimedia.org/wikipedia/commons/0/04/Medion_logo.svg
Meebox,https://en.wikipedia.org/wiki/Meebox,https://upload.wikimedia.org/wikipedia/commons/5/5c/Meebox-logo.jpg
Meitu,https://en.wikipedia.org/wiki/Meitu,https://upload.wikimedia.org/wikipedia/commons/4/4c/Meitu_Logo.png
Meizu,https://en.wikipedia.org/wiki/Meizu,https://upload.wikimedia.org/wikipedia/commons/5/55/Meizu_logo_blue_2015.png
Melco,https://en.wikipedia.org/wiki/Melco,
Memorex,https://en.wikipedia.org/wiki/Memorex,https://upload.wikimedia.org/wikipedia/en/7/71/Memorex_logo.svg
Memoright,https://en.wikipedia.org/wiki/Memoright,
Mesh Computers,https://en.wikipedia.org/wiki/Mesh_Computers,
Meze Headphones,https://en.wikipedia.org/wiki/Meze_Headphones,
Mi-Fone,https://en.wikipedia.org/wiki/Mi-Fone,
MiTAC,https://en.wikipedia.org/wiki/MiTAC,https://upload.wikimedia.org/wikipedia/en/a/ac/Mio_Brand_Logo.svg
Micro Center,https://en.wikipedia.org/wiki/Micro_Center,https://upload.wikimedia.org/wikipedia/en/d/d5/Micro_Center_logo.png
Micro-Star International,https://en.wikipedia.org/wiki/Micro-Star_International,https://upload.wikimedia.org/wikipedia/en/4/42/MSI_logo_for_share2017.png
Microcom,https://en.wikipedia.org/wiki/Microcom,
Micromax Informatics,https://en.wikipedia.org/wiki/Micromax_Informatics,https://upload.wikimedia.org/wikipedia/en/3/3a/Micromax_logo.png
Micron Technology,https://en.wikipedia.org/wiki/Micron_Technology,https://upload.wikimedia.org/wikipedia/commons/9/9b/Micron_Technology_logo.svg
Microsoft,https://en.wikipedia.org/wiki/Microsoft,https://upload.wikimedia.org/wikipedia/commons/1/1b/Wikiversity-logo-en.svg
Microsoft Mobile,https://en.wikipedia.org/wiki/Microsoft_Mobile,https://upload.wikimedia.org/wikipedia/commons/2/24/Wikinews-logo.svg
Microtek,https://en.wikipedia.org/wiki/Microtek,
Mio Technology,https://en.wikipedia.org/wiki/Mio_Technology,https://upload.wikimedia.org/wikipedia/en/6/68/Mio_Technology_%28logo%29.svg
Mirgor,https://en.wikipedia.org/wiki/Mirgor,https://upload.wikimedia.org/wikipedia/en/b/bc/Mirgor_logo.jpg
Mitsubishi Electric,https://en.wikipedia.org/wiki/Mitsubishi_Electric,https://upload.wikimedia.org/wikipedia/commons/1/10/Mitsubishi_Electric_logo.svg
Mitsubishi Kagaku Media,https://en.wikipedia.org/wiki/Mitsubishi_Kagaku_Media,https://upload.wikimedia.org/wikipedia/commons/d/d2/Verbatim_Logo.svg
Mitsumi Electric,https://en.wikipedia.org/wiki/Mitsumi_Electric,https://upload.wikimedia.org/wikipedia/commons/8/86/Mitsumi_Electric_company_logo.svg
MobiWire,https://en.wikipedia.org/wiki/MobiWire,https://upload.wikimedia.org/wikipedia/commons/1/19/Mobiwirelogo.png
Mobile Inform Group,https://en.wikipedia.org/wiki/Mobile_Inform_Group,
Monster Cable,https://en.wikipedia.org/wiki/Monster_Cable,https://upload.wikimedia.org/wikipedia/commons/3/31/Monster_Cable_-_logo.svg
Motion Computing,https://en.wikipedia.org/wiki/Motion_Computing,
Motorola,https://en.wikipedia.org/wiki/Motorola,
Motorola Mobility,https://en.wikipedia.org/wiki/Motorola_Mobility,https://upload.wikimedia.org/wikipedia/commons/c/c9/Motorola_Mobility_Logo_2015.svg
Mushkin,https://en.wikipedia.org/wiki/Mushkin,
Mustek Systems,https://en.wikipedia.org/wiki/Mustek_Systems,https://upload.wikimedia.org/wikipedia/en/a/af/Mustek-Logo.jpg
MyPhone,https://en.wikipedia.org/wiki/MyPhone,
NCR Corporation,https://en.wikipedia.org/wiki/NCR_Corporation,https://upload.wikimedia.org/wikipedia/commons/3/38/NCR_logo_green_block.png
NComputing,https://en.wikipedia.org/wiki/NComputing,
NEC,https://en.wikipedia.org/wiki/NEC,https://upload.wikimedia.org/wikipedia/commons/5/57/Sumitomo_Group_logo_Black.svg
NEC Display Solutions,https://en.wikipedia.org/wiki/NEC_Display_Solutions,https://upload.wikimedia.org/wikipedia/commons/5/5a/Mitsubishi_logo.svg
NEC Mobile Communications,https://en.wikipedia.org/wiki/NEC_Mobile_Communications,https://upload.wikimedia.org/wikipedia/commons/5/5d/Hitachi_inspire_the_next-Logo.svg
Nanya,https://en.wikipedia.org/wiki/Nanya,
Neonode,https://en.wikipedia.org/wiki/Neonode,
Netac Technology,https://en.wikipedia.org/wiki/Netac_Technology,https://upload.wikimedia.org/wikipedia/en/d/d1/Netac_logo.gif
Netgear,https://en.wikipedia.org/wiki/Netgear,https://upload.wikimedia.org/wikipedia/commons/2/29/Netgear_logo_2014.svg
Netopia,https://en.wikipedia.org/wiki/Netopia,
Newegg,https://en.wikipedia.org/wiki/Newegg,https://upload.wikimedia.org/wikipedia/en/0/00/Newegg_Logo_updated.png
NexGen,https://en.wikipedia.org/wiki/NexGen,
Nexian,https://en.wikipedia.org/wiki/Nexian,
Nidec,https://en.wikipedia.org/wiki/Nidec,https://upload.wikimedia.org/wikipedia/commons/3/32/Nidec_company_logo.svg
Ninetology,https://en.wikipedia.org/wiki/Ninetology,
Ningbo Bird,https://en.wikipedia.org/wiki/Ningbo_Bird,https://upload.wikimedia.org/wikipedia/en/a/aa/Ningbo_Bird_logo.jpg
Noctua (company),https://en.wikipedia.org/wiki/Noctua_(company),https://upload.wikimedia.org/wikipedia/en/a/ab/Noctua_company_logo.gif
Nokia,https://en.wikipedia.org/wiki/Nokia,https://upload.wikimedia.org/wikipedia/en/1/1a/Suomen_Kumitehtaan_logo_%281965%29.svg
Nvidia,https://en.wikipedia.org/wiki/Nvidia,https://upload.wikimedia.org/wikipedia/en/6/6d/Nvidia_image_logo.svg
Nzxt,https://en.wikipedia.org/wiki/Nzxt,https://upload.wikimedia.org/wikipedia/en/9/9d/NZXT_black_logo.jpg
OCZ,https://en.wikipedia.org/wiki/OCZ,https://upload.wikimedia.org/wikipedia/commons/0/01/Toshiba_logo.svg
OPPO Electronics,https://en.wikipedia.org/wiki/OPPO_Electronics,https://upload.wikimedia.org/wikipedia/commons/1/13/OPPO_Logo_wiki.png
Oak Technology,https://en.wikipedia.org/wiki/Oak_Technology,
Obi Worldphone,https://en.wikipedia.org/wiki/Obi_Worldphone,https://upload.wikimedia.org/wikipedia/en/f/fc/Obi_Worldphone_Logo.png
Ockel Sirius B,https://en.wikipedia.org/wiki/Ockel_Sirius_B,
Olidata,https://en.wikipedia.org/wiki/Olidata,
Olivetti,https://en.wikipedia.org/wiki/Olivetti,https://upload.wikimedia.org/wikipedia/commons/e/e7/Olivetti_Logo.svg
Onda Mobile Communication,https://en.wikipedia.org/wiki/Onda_Mobile_Communication,
OnePlus,https://en.wikipedia.org/wiki/OnePlus,https://upload.wikimedia.org/wikipedia/commons/c/c9/OnePlus_logo.svg
Onida Electronics,https://en.wikipedia.org/wiki/Onida_Electronics,
Oracle Corporation,https://en.wikipedia.org/wiki/Oracle_Corporation,https://upload.wikimedia.org/wikipedia/commons/5/50/Oracle_logo.svg
Origin PC,https://en.wikipedia.org/wiki/Origin_PC,https://upload.wikimedia.org/wikipedia/en/1/1a/Origin_PC_Logo.png
Overdrive PC,https://en.wikipedia.org/wiki/Overdrive_PC,
Oysters LLC,https://en.wikipedia.org/wiki/Oysters_LLC,
PC Power and Cooling,https://en.wikipedia.org/wiki/PC_Power_and_Cooling,
PNY Technologies,https://en.wikipedia.org/wiki/PNY_Technologies,https://upload.wikimedia.org/wikipedia/en/4/44/PNYlogo.png
Packard Bell,https://en.wikipedia.org/wiki/Packard_Bell,https://upload.wikimedia.org/wikipedia/en/5/5f/Pblogo114357.svg
Palit Microsystems,https://en.wikipedia.org/wiki/Palit_Microsystems,https://upload.wikimedia.org/wikipedia/commons/c/c6/This_is_logo_Palit_Microsystems_%28HK%29%2C_Ltd.jpg
Panasonic,https://en.wikipedia.org/wiki/Panasonic,https://upload.wikimedia.org/wikipedia/commons/8/8e/Panasonic_logo_%28Blue%29.svg
Pantech,https://en.wikipedia.org/wiki/Pantech,https://upload.wikimedia.org/wikipedia/commons/3/3c/Pantech_Logo.svg
Pantech Wireless,https://en.wikipedia.org/wiki/Pantech_Wireless,
Peiker Acustic,https://en.wikipedia.org/wiki/Peiker_Acustic,https://upload.wikimedia.org/wikipedia/commons/7/77/Peiker.wikipedia.logo_eng.jpg
Philips,https://en.wikipedia.org/wiki/Philips,https://upload.wikimedia.org/wikipedia/commons/8/8c/Philips_logo.svg
Pinnacle Systems,https://en.wikipedia.org/wiki/Pinnacle_Systems,
Pioneer Corporation,https://en.wikipedia.org/wiki/Pioneer_Corporation,https://upload.wikimedia.org/wikipedia/en/c/c2/Pioneer_Corporation_logo_%281970-1998%29.svg
Planar Systems,https://en.wikipedia.org/wiki/Planar_Systems,https://upload.wikimedia.org/wikipedia/en/5/5c/PlanarArcLogo_std_NoTag_Sml.gif
Plantronics,https://en.wikipedia.org/wiki/Plantronics,https://upload.wikimedia.org/wikipedia/commons/3/3f/Plantronics_Logo.png
Plantronics Gamecom,https://en.wikipedia.org/wiki/Plantronics_Gamecom,
Plextor,https://en.wikipedia.org/wiki/Plextor,https://upload.wikimedia.org/wikipedia/en/a/a4/Plextor_logo.png
Plustek,https://en.wikipedia.org/wiki/Plustek,
Point of View (computer hardware company),https://en.wikipedia.org/wiki/Point_of_View_(computer_hardware_company),https://upload.wikimedia.org/wikipedia/en/3/34/POVlogo.png
Polaroid Corporation,https://en.wikipedia.org/wiki/Polaroid_Corporation,https://upload.wikimedia.org/wikipedia/commons/2/2c/Polaroid_logo.svg
Positivo Informática,https://en.wikipedia.org/wiki/Positivo_Inform%C3%A1tica,
PowerColor,https://en.wikipedia.org/wiki/PowerColor,https://upload.wikimedia.org/wikipedia/commons/7/70/PowerColor_Logo.png
PreSonus,https://en.wikipedia.org/wiki/PreSonus,
Promise Technology,https://en.wikipedia.org/wiki/Promise_Technology,https://upload.wikimedia.org/wikipedia/commons/b/b4/PromiseTechnology_logo.png
Proxim,https://en.wikipedia.org/wiki/Proxim,https://upload.wikimedia.org/wikipedia/en/b/b5/Proxim_logo.gif
Puget Systems,https://en.wikipedia.org/wiki/Puget_Systems,https://upload.wikimedia.org/wikipedia/en/2/2a/Puget_Systems_Logo.png
QMobile,https://en.wikipedia.org/wiki/QMobile,https://upload.wikimedia.org/wikipedia/en/5/54/QMobile_%28logo%29.png
Qi hardware,https://en.wikipedia.org/wiki/Qi_hardware,https://upload.wikimedia.org/wikipedia/commons/3/31/Free_and_open-source_software_logo_%282009%29.svg
QiKU,https://en.wikipedia.org/wiki/QiKU,https://upload.wikimedia.org/wikipedia/en/5/5b/QiKU_logo.png
Qualcomm,https://en.wikipedia.org/wiki/Qualcomm,https://upload.wikimedia.org/wikipedia/commons/f/fc/Qualcomm-Logo.svg
Qualcomm Atheros,https://en.wikipedia.org/wiki/Qualcomm_Atheros,https://upload.wikimedia.org/wikipedia/commons/f/fc/Qualcomm-Logo.svg
Quanta Computer,https://en.wikipedia.org/wiki/Quanta_Computer,https://upload.wikimedia.org/wikipedia/commons/9/9b/Quanta_Computer_logo.svg
Quantum Corporation,https://en.wikipedia.org/wiki/Quantum_Corporation,https://upload.wikimedia.org/wikipedia/commons/6/63/Quantum_Corporation_logo.svg
RCA (trademark),https://en.wikipedia.org/wiki/RCA_(trademark),https://upload.wikimedia.org/wikipedia/en/8/8e/RCA_Electronics_%28_logo%29.svg
RME Audio,https://en.wikipedia.org/wiki/RME_Audio,
RMI Corporation,https://en.wikipedia.org/wiki/RMI_Corporation,https://upload.wikimedia.org/wikipedia/en/3/3d/RMI_Corporation_logo.jpg
Raidmax,https://en.wikipedia.org/wiki/Raidmax,
Ralink,https://en.wikipedia.org/wiki/Ralink,https://upload.wikimedia.org/wikipedia/en/c/cf/Ralink_Technology_logo.svg
Rambus,https://en.wikipedia.org/wiki/Rambus,https://upload.wikimedia.org/wikipedia/en/5/53/Rambus_logo.png
Razer Inc.,https://en.wikipedia.org/wiki/Razer_Inc.,https://upload.wikimedia.org/wikipedia/en/0/00/Razer_Snake_Logo.svg
Realtek,https://en.wikipedia.org/wiki/Realtek,https://upload.wikimedia.org/wikipedia/en/7/70/Realtek_logo_vector.svg
Rendition (company),https://en.wikipedia.org/wiki/Rendition_(company),
Renesas Electronics,https://en.wikipedia.org/wiki/Renesas_Electronics,https://upload.wikimedia.org/wikipedia/commons/5/5d/Hitachi_inspire_the_next-Logo.svg
Ricoh,https://en.wikipedia.org/wiki/Ricoh,https://upload.wikimedia.org/wikipedia/commons/1/12/Ricoh_logo.svg
Rise Technology,https://en.wikipedia.org/wiki/Rise_Technology,
Ritek,https://en.wikipedia.org/wiki/Ritek,https://upload.wikimedia.org/wikipedia/commons/0/09/Ritek_logo_%E5%90%AB%E7%B6%B2%E5%9D%80%E5%8F%8A%E4%B8%AD%E6%96%87.jpg
Rockchip,https://en.wikipedia.org/wiki/Rockchip,https://upload.wikimedia.org/wikipedia/commons/7/7c/Rockchip_logo.png
Rovercomputers,https://en.wikipedia.org/wiki/Rovercomputers,
RunCore,https://en.wikipedia.org/wiki/RunCore,
S3 Graphics,https://en.wikipedia.org/wiki/S3_Graphics,https://upload.wikimedia.org/wikipedia/commons/d/d5/S3_Graphics_Logo_neu.svg
SDI Technologies,https://en.wikipedia.org/wiki/SDI_Technologies,
SK Hynix,https://en.wikipedia.org/wiki/SK_Hynix,https://upload.wikimedia.org/wikipedia/commons/b/b4/SK_logo.svg
SMS Audio,https://en.wikipedia.org/wiki/SMS_Audio,
SPARKLE Computer,https://en.wikipedia.org/wiki/SPARKLE_Computer,https://upload.wikimedia.org/wikipedia/commons/7/78/Sparkle_Computer_logo.jpg
Sabrent,https://en.wikipedia.org/wiki/Sabrent,
Saint-Gobain,https://en.wikipedia.org/wiki/Saint-Gobain,https://upload.wikimedia.org/wikipedia/commons/4/40/Sg-logo-2016-google.jpg
Saitek,https://en.wikipedia.org/wiki/Saitek,https://upload.wikimedia.org/wikipedia/en/b/b7/Saitek_logo.png
Samsung,https://en.wikipedia.org/wiki/Samsung,https://upload.wikimedia.org/wikipedia/commons/9/9f/Samsung_logo_%281960s%29.png
Samsung Electronics,https://en.wikipedia.org/wiki/Samsung_Electronics,https://upload.wikimedia.org/wikipedia/commons/a/ac/Samsung_Electronics_logo_%281980-1992%29.png
Samsung Telecommunications,https://en.wikipedia.org/wiki/Samsung_Telecommunications,https://upload.wikimedia.org/wikipedia/commons/2/24/Samsung_Logo.svg
SanDisk,https://en.wikipedia.org/wiki/SanDisk,https://upload.wikimedia.org/wikipedia/commons/5/5a/SanDisk_Logo_2007.svg
SandForce,https://en.wikipedia.org/wiki/SandForce,https://upload.wikimedia.org/wikipedia/en/0/04/SandForce_logo_REG_sc_1B383.jpg
Sanmina Corporation,https://en.wikipedia.org/wiki/Sanmina_Corporation,https://upload.wikimedia.org/wikipedia/commons/b/ba/Sanmina_Corporation_Logo.png
Sanyo,https://en.wikipedia.org/wiki/Sanyo,https://upload.wikimedia.org/wikipedia/en/6/61/Sanyo_logo.png
Sapphire Technology,https://en.wikipedia.org/wiki/Sapphire_Technology,https://upload.wikimedia.org/wikipedia/en/1/1e/Sapphiretechnologylogo.jpg
Saygus,https://en.wikipedia.org/wiki/Saygus,
Sceptre Incorporated,https://en.wikipedia.org/wiki/Sceptre_Incorporated,https://upload.wikimedia.org/wikipedia/en/1/12/Sceptre_Incorporated_logo.png
Scythe,https://en.wikipedia.org/wiki/Scythe,
Sea Sonic,https://en.wikipedia.org/wiki/Sea_Sonic,https://upload.wikimedia.org/wikipedia/en/3/38/SeaSonic_logo.gif
Seagate Technology,https://en.wikipedia.org/wiki/Seagate_Technology,https://upload.wikimedia.org/wikipedia/commons/7/7f/Seagate_logo.svg
Seiko Epson,https://en.wikipedia.org/wiki/Seiko_Epson,https://upload.wikimedia.org/wikipedia/commons/5/59/Epson_logo.svg
Sennheiser,https://en.wikipedia.org/wiki/Sennheiser,https://upload.wikimedia.org/wikipedia/commons/9/97/Sennheiser_Logo.png
Seventeam,https://en.wikipedia.org/wiki/Seventeam,
Sharp Corporation,https://en.wikipedia.org/wiki/Sharp_Corporation,https://upload.wikimedia.org/wikipedia/commons/c/c8/Logo_of_the_Sharp_Corporation.svg
Shure,https://en.wikipedia.org/wiki/Shure,https://upload.wikimedia.org/wikipedia/en/5/55/Shure_Logo.png
Shuttle Inc.,https://en.wikipedia.org/wiki/Shuttle_Inc.,https://upload.wikimedia.org/wikipedia/commons/e/ec/ShuttleLogo.png
Siemens,https://en.wikipedia.org/wiki/Siemens,https://upload.wikimedia.org/wikipedia/commons/3/3c/Siemens_AG_logo.svg
SigmaTel,https://en.wikipedia.org/wiki/SigmaTel,https://upload.wikimedia.org/wikipedia/en/e/eb/Sigmatel-logo.jpg
Silicon Graphics International,https://en.wikipedia.org/wiki/Silicon_Graphics_International,https://upload.wikimedia.org/wikipedia/en/2/22/Logo_of_Silicon_Graphics.svg
Silicon Integrated Systems,https://en.wikipedia.org/wiki/Silicon_Integrated_Systems,https://upload.wikimedia.org/wikipedia/commons/1/17/SiS_Logo.svg
Silicon Power,https://en.wikipedia.org/wiki/Silicon_Power,https://upload.wikimedia.org/wikipedia/commons/1/1d/SiliconPowerlogo.png
SilverStone Technology,https://en.wikipedia.org/wiki/SilverStone_Technology,https://upload.wikimedia.org/wikipedia/en/d/d7/SilverStone_Logo.png
Simmtronics,https://en.wikipedia.org/wiki/Simmtronics,https://upload.wikimedia.org/wikipedia/en/b/bd/Simmtronics-Logo.png
Sitronics,https://en.wikipedia.org/wiki/Sitronics,
Skullcandy,https://en.wikipedia.org/wiki/Skullcandy,https://upload.wikimedia.org/wikipedia/en/2/23/Skullcandy_Supreme_Sound_logo_2012.png
Sky Electronics,https://en.wikipedia.org/wiki/Sky_Electronics,
Smartisan,https://en.wikipedia.org/wiki/Smartisan,https://upload.wikimedia.org/wikipedia/en/2/2d/Smartisan_logo.png
Sonodyne,https://en.wikipedia.org/wiki/Sonodyne,
Sony,https://en.wikipedia.org/wiki/Sony,https://upload.wikimedia.org/wikipedia/commons/2/24/Wikinews-logo.svg
Sony Mobile,https://en.wikipedia.org/wiki/Sony_Mobile,https://upload.wikimedia.org/wikipedia/en/6/67/Sony_Ericsson_logo.svg
Soyo Group,https://en.wikipedia.org/wiki/Soyo_Group,https://upload.wikimedia.org/wikipedia/en/f/f6/Soyo_Group_logo.png
Spectronic,https://en.wikipedia.org/wiki/Spectronic,https://upload.wikimedia.org/wikipedia/en/1/14/Spectronic_logo.jpg
Speedlink,https://en.wikipedia.org/wiki/Speedlink,
Spice Digital,https://en.wikipedia.org/wiki/Spice_Digital,https://upload.wikimedia.org/wikipedia/commons/1/12/Spice_Digital_Logo.png
Spire,https://en.wikipedia.org/wiki/Spire,
StarTech.com,https://en.wikipedia.org/wiki/StarTech.com,
Starmobile,https://en.wikipedia.org/wiki/Starmobile,https://upload.wikimedia.org/wikipedia/en/0/04/Starmobilelogo.png
Stax Ltd,https://en.wikipedia.org/wiki/Stax_Ltd,
SteelSeries,https://en.wikipedia.org/wiki/SteelSeries,
Strontium Technology,https://en.wikipedia.org/wiki/Strontium_Technology,
Super Talent Technology,https://en.wikipedia.org/wiki/Super_Talent_Technology,https://upload.wikimedia.org/wikipedia/en/c/c5/SuperTalent_Logo.jpg
Supermicro,https://en.wikipedia.org/wiki/Supermicro,https://upload.wikimedia.org/wikipedia/en/2/2c/Supermicro_logo.svg
System76,https://en.wikipedia.org/wiki/System76,https://upload.wikimedia.org/wikipedia/commons/9/91/Wikiversity-logo.svg
Systemax,https://en.wikipedia.org/wiki/Systemax,https://upload.wikimedia.org/wikipedia/en/8/82/Systemax_Logo.png
Síragon,https://en.wikipedia.org/wiki/S%C3%ADragon,https://upload.wikimedia.org/wikipedia/commons/d/d8/Siragon-logo.jpg
T-Platforms,https://en.wikipedia.org/wiki/T-Platforms,
TCL Corporation,https://en.wikipedia.org/wiki/TCL_Corporation,https://upload.wikimedia.org/wikipedia/commons/5/52/Philips_logo_new.svg
TEAC Corporation,https://en.wikipedia.org/wiki/TEAC_Corporation,https://upload.wikimedia.org/wikipedia/commons/2/22/TEAC_%28logo%29.svg
TP-Link,https://en.wikipedia.org/wiki/TP-Link,https://upload.wikimedia.org/wikipedia/commons/d/d0/TPLINK_Logo_2.svg
TVS Electronics,https://en.wikipedia.org/wiki/TVS_Electronics,
TabletKiosk,https://en.wikipedia.org/wiki/TabletKiosk,
Tadpole Computer,https://en.wikipedia.org/wiki/Tadpole_Computer,
Targus (corporation),https://en.wikipedia.org/wiki/Targus_(corporation),https://upload.wikimedia.org/wikipedia/en/a/a7/TargusLogo.png
Tatung Company,https://en.wikipedia.org/wiki/Tatung_Company,https://upload.wikimedia.org/wikipedia/commons/f/f4/Tatung_logo.svg
Technicolor SA,https://en.wikipedia.org/wiki/Technicolor_SA,https://upload.wikimedia.org/wikipedia/en/e/e6/Technicolor_logo.svg
Technics (brand),https://en.wikipedia.org/wiki/Technics_(brand),https://upload.wikimedia.org/wikipedia/commons/f/f3/Technics_logo.svg
Technology Happy Life,https://en.wikipedia.org/wiki/Technology_Happy_Life,
Tecno Mobile,https://en.wikipedia.org/wiki/Tecno_Mobile,
Tegra,https://en.wikipedia.org/wiki/Tegra,
Telebit,https://en.wikipedia.org/wiki/Telebit,
Telefunken,https://en.wikipedia.org/wiki/Telefunken,
Telit,https://en.wikipedia.org/wiki/Telit,https://upload.wikimedia.org/wikipedia/commons/4/44/Telit_2015_logo.PNG
TerraTec,https://en.wikipedia.org/wiki/TerraTec,https://upload.wikimedia.org/wikipedia/en/9/91/Terratec_logo.jpg
Teufel (manufacturer),https://en.wikipedia.org/wiki/Teufel_(manufacturer),https://upload.wikimedia.org/wikipedia/commons/2/28/Lautsprecher_Teufel_Logo.svg
Texas Instruments,https://en.wikipedia.org/wiki/Texas_Instruments,https://upload.wikimedia.org/wikipedia/en/9/95/Texas_Instruments_Logo.svg
Texas Memory Systems,https://en.wikipedia.org/wiki/Texas_Memory_Systems,
Thermalright,https://en.wikipedia.org/wiki/Thermalright,
Thermaltake,https://en.wikipedia.org/wiki/Thermaltake,https://upload.wikimedia.org/wikipedia/en/8/85/ThermaltakeLogo.svg
Thinksound,https://en.wikipedia.org/wiki/Thinksound,
Thrustmaster,https://en.wikipedia.org/wiki/Thrustmaster,https://upload.wikimedia.org/wikipedia/commons/6/67/Thurstmaster_logo.png
Thuraya,https://en.wikipedia.org/wiki/Thuraya,https://upload.wikimedia.org/wikipedia/en/8/81/Thu_logo.jpg
Tilera,https://en.wikipedia.org/wiki/Tilera,
Toshiba,https://en.wikipedia.org/wiki/Toshiba,https://upload.wikimedia.org/wikipedia/commons/0/01/Toshiba_logo.svg
Transcend Information,https://en.wikipedia.org/wiki/Transcend_Information,
Transmeta,https://en.wikipedia.org/wiki/Transmeta,https://upload.wikimedia.org/wikipedia/commons/8/88/Transmeta_logo.jpg
TrekStor,https://en.wikipedia.org/wiki/TrekStor,
Trenton Technology,https://en.wikipedia.org/wiki/Trenton_Technology,
True Corporation,https://en.wikipedia.org/wiki/True_Corporation,https://upload.wikimedia.org/wikipedia/en/c/cc/Logo-TRUE.svg
Trust (electronics company),https://en.wikipedia.org/wiki/Trust_(electronics_company),https://upload.wikimedia.org/wikipedia/en/d/db/Trust_logo.png
Tseng Labs,https://en.wikipedia.org/wiki/Tseng_Labs,
Turing Robotic Industries,https://en.wikipedia.org/wiki/Turing_Robotic_Industries,https://upload.wikimedia.org/wikipedia/commons/0/0d/Turing_Robotic_Industries_Logo.png
Turtle Beach Corporation,https://en.wikipedia.org/wiki/Turtle_Beach_Corporation,https://upload.wikimedia.org/wikipedia/en/2/20/Turtle-beach-systems-logo.png
Twig Com,https://en.wikipedia.org/wiki/Twig_Com,https://upload.wikimedia.org/wikipedia/en/6/6c/BenefonLogo200.png
Tyan,https://en.wikipedia.org/wiki/Tyan,https://upload.wikimedia.org/wikipedia/commons/d/d2/TYAN_Computer_Logo.jpg
TypeMatrix,https://en.wikipedia.org/wiki/TypeMatrix,
UMAX Technologies,https://en.wikipedia.org/wiki/UMAX_Technologies,
USRobotics,https://en.wikipedia.org/wiki/USRobotics,https://upload.wikimedia.org/wikipedia/commons/4/40/Usrlogo.png
Ultra Products,https://en.wikipedia.org/wiki/Ultra_Products,
Ultrasone,https://en.wikipedia.org/wiki/Ultrasone,https://upload.wikimedia.org/wikipedia/en/4/42/Ultrasone_logo.png
Unicomp,https://en.wikipedia.org/wiki/Unicomp,https://upload.wikimedia.org/wikipedia/commons/1/1d/Unicomp%2C_Inc_Company_logo.png
Unisys,https://en.wikipedia.org/wiki/Unisys,https://upload.wikimedia.org/wikipedia/commons/f/f9/Unisys_logo.svg
Universal Abit,https://en.wikipedia.org/wiki/Universal_Abit,https://upload.wikimedia.org/wikipedia/commons/7/7e/ABIT_Logo.svg
V-Moda,https://en.wikipedia.org/wiki/V-Moda,https://upload.wikimedia.org/wikipedia/en/8/8b/V-moda_logo.jpg
V3 Gaming PC,https://en.wikipedia.org/wiki/V3_Gaming_PC,
VIA Technologies,https://en.wikipedia.org/wiki/VIA_Technologies,https://upload.wikimedia.org/wikipedia/en/4/45/Via_logo.svg
Valve Corporation,https://en.wikipedia.org/wiki/Valve_Corporation,https://upload.wikimedia.org/wikipedia/commons/a/ab/Valve_logo.svg
Velocity Micro,https://en.wikipedia.org/wiki/Velocity_Micro,https://upload.wikimedia.org/wikipedia/en/4/45/Velocity_Micro_Logo.png
Vertica,https://en.wikipedia.org/wiki/Vertica,
Vertu,https://en.wikipedia.org/wiki/Vertu,https://upload.wikimedia.org/wikipedia/commons/b/bf/Vertu_logo.png
Verzo,https://en.wikipedia.org/wiki/Verzo,
Vestel,https://en.wikipedia.org/wiki/Vestel,https://upload.wikimedia.org/wikipedia/commons/8/8b/Vestel_logo.svg
Videocon,https://en.wikipedia.org/wiki/Videocon,https://upload.wikimedia.org/wikipedia/commons/0/0d/Videocon_logo.jpg
ViewSonic,https://en.wikipedia.org/wiki/ViewSonic,https://upload.wikimedia.org/wikipedia/en/9/9a/Viewsonic_logo.svg
Viglen,https://en.wikipedia.org/wiki/Viglen,
Vigor Gaming,https://en.wikipedia.org/wiki/Vigor_Gaming,
Violin Memory,https://en.wikipedia.org/wiki/Violin_Memory,https://upload.wikimedia.org/wikipedia/commons/f/ff/Violin_Memory_Corporate_Logo.jpg
Visi On,https://en.wikipedia.org/wiki/Visi_On,
Visioneer,https://en.wikipedia.org/wiki/Visioneer,
Vivante Corporation,https://en.wikipedia.org/wiki/Vivante_Corporation,
Vivo Smartphone,https://en.wikipedia.org/wiki/Vivo_Smartphone,https://upload.wikimedia.org/wikipedia/en/e/ed/Vivo_logo.svg
Vizio,https://en.wikipedia.org/wiki/Vizio,https://upload.wikimedia.org/wikipedia/commons/2/2a/Vizio_logo_new.png
Voice Mobile,https://en.wikipedia.org/wiki/Voice_Mobile,
Voxx International,https://en.wikipedia.org/wiki/Voxx_International,https://upload.wikimedia.org/wikipedia/en/b/b6/VOXX_International_logo.png
Vsun,https://en.wikipedia.org/wiki/Vsun,
Walton Group,https://en.wikipedia.org/wiki/Walton_Group,https://upload.wikimedia.org/wikipedia/en/9/96/Walton_logo.png
Walton Micro-Tech Corporation,https://en.wikipedia.org/wiki/Walton_Micro-Tech_Corporation,
Western Digital,https://en.wikipedia.org/wiki/Western_Digital,https://upload.wikimedia.org/wikipedia/commons/2/2b/Western_Digital_logo.svg
Wiko,https://en.wikipedia.org/wiki/Wiko,
Wileyfox,https://en.wikipedia.org/wiki/Wileyfox,https://upload.wikimedia.org/wikipedia/en/c/ca/Wileyfox_Logo.png
Wilk Elektronik,https://en.wikipedia.org/wiki/Wilk_Elektronik,
WinChip,https://en.wikipedia.org/wiki/WinChip,
Winbond,https://en.wikipedia.org/wiki/Winbond,
Wintec Industries,https://en.wikipedia.org/wiki/Wintec_Industries,
Wistron,https://en.wikipedia.org/wiki/Wistron,https://upload.wikimedia.org/wikipedia/en/e/e5/Wistron_Corporation_logo.gif
Wortmann,https://en.wikipedia.org/wiki/Wortmann,https://upload.wikimedia.org/wikipedia/commons/1/1f/Wortmann_AG_Logo.svg
XFX,https://en.wikipedia.org/wiki/XFX,https://upload.wikimedia.org/wikipedia/en/f/f7/XFX_logo_v2_black_text.svg
Xerox,https://en.wikipedia.org/wiki/Xerox,https://upload.wikimedia.org/wikipedia/commons/6/62/Xerox_Logo.svg
Xiaomi,https://en.wikipedia.org/wiki/Xiaomi,https://upload.wikimedia.org/wikipedia/commons/2/29/Xiaomi_logo.svg
Xilence,https://en.wikipedia.org/wiki/Xilence,
Yamaha Corporation,https://en.wikipedia.org/wiki/Yamaha_Corporation,
Yota,https://en.wikipedia.org/wiki/Yota,https://upload.wikimedia.org/wikipedia/commons/1/1d/Yota_Space_2012_Logo.jpg
ZOTAC,https://en.wikipedia.org/wiki/ZOTAC,https://upload.wikimedia.org/wikipedia/commons/7/7c/Logo_of_Zotac_International.svg
ZTE,https://en.wikipedia.org/wiki/ZTE,https://upload.wikimedia.org/wikipedia/commons/1/1b/ZTE_logo_new.png
ZUK Mobile,https://en.wikipedia.org/wiki/ZUK_Mobile,https://upload.wikimedia.org/wikipedia/en/5/52/ZUKMobilelogo.png
Zalman,https://en.wikipedia.org/wiki/Zalman,https://upload.wikimedia.org/wikipedia/commons/0/0a/Zalman_Logo.svg
Zelybron Micro Nina,https://en.wikipedia.org/wiki/Zelybron_Micro_Nina,
Zhone Technologies,https://en.wikipedia.org/wiki/Zhone_Technologies,
ZiiLABS,https://en.wikipedia.org/wiki/ZiiLABS,
Zonda Telecom,https://en.wikipedia.org/wiki/Zonda_Telecom,
Zoom Telephonics,https://en.wikipedia.org/wiki/Zoom_Telephonics,https://upload.wikimedia.org/wikipedia/en/b/bc/Zoom_logo.png
Zopo Mobile,https://en.wikipedia.org/wiki/Zopo_Mobile,https://upload.wikimedia.org/wikipedia/commons/d/d5/Zopo_logo.png
ZyXEL,https://en.wikipedia.org/wiki/ZyXEL,https://upload.wikimedia.org/wikipedia/en/c/cd/Zyxel_Logo_002.png
Zync Global,https://en.wikipedia.org/wiki/Zync_Global,
aigo,https://en.wikipedia.org/wiki/Aigo,https://upload.wikimedia.org/wikipedia/en/3/33/Aigo_logo.png
ebm-papst,https://en.wikipedia.org/wiki/Ebm-papst,https://upload.wikimedia.org/wikipedia/commons/1/1e/EBMPAPST_logo.jpg
iBall (company),https://en.wikipedia.org/wiki/IBall_(company),https://upload.wikimedia.org/wikipedia/commons/4/46/IBall_logo.svg
iZ3D,https://en.wikipedia.org/wiki/IZ3D,https://upload.wikimedia.org/wikipedia/en/f/fa/IZ3D_logo.gif
iriver,https://en.wikipedia.org/wiki/Iriver,https://upload.wikimedia.org/wikipedia/commons/b/b4/SK_logo.svg
"sTec, Inc.","https://en.wikipedia.org/wiki/STec,_Inc.",https://upload.wikimedia.org/wikipedia/en/6/6b/STec-HGST_Logo.jpg
Belinea,,
OKI Data Corporation,,
Vivitek,,
Yuraku,,
